[
	{
		"hjbglb":"qsdwbmb",
		"bmDics":[
			{
				"bm":"qsdwbm",
				"name":"权属单位编码"
			},{
				"bm":"qsdwdm",
				"name":"权属单位名称"
			}
		]
	},{
		"hjbglb":"dkhzb",
		"bmDics":[
			{
				"bm":"cbdkzmj",
				"name":"承包地块总面积"
			},{
				"bm":"fcbdkzs",
				"name":"非承包地块总数"
			},{
				"bm":"bfqzsl",
				"name":"颁发权证总数量"
			},{
				"bm":"qsdwmc",
				"name":"权属单位名称"
			},{
				"bm":"qsdwbm",
				"name":"权属单位编码"
			},{
				"bm":"fcbdkzmj",
				"name":"非承包地块面积"
			},{
				"bm":"cbdkzs",
				"name":"承包地块总数"
			},{
				"bm":"fbfsl",
				"name":"发包方数量"
			}
		]
	},{
		"hjbglb":"cbdsfjbnt",
		"bmDics":[
			{
				"bm":"qsdwbm",
				"name":"权属单位编码"
			},{
				"bm":"jbntmj",
				"name":"基本农田面积"
			},{
				"bm":"qsdwbm",
				"name":"权属单位名称"
			},{
				"bm":"fjbntmj",
				"name":"非基本农田面积"
			}
		]
	},{
		"hjbglb":"qzxxhz",
		"bmDics":[
			{
				"bm":"bfqzmj",
				"name":"颁发权证面积"
			},{
				"bm":"qsdwbm",
				"name":"权属单位代码"
			},{
				"bm":"jtcbfzsl",
				"name":"家庭承包发证数量"
			},{
				"bm":"qtfscbfzsl",
				"name":"其它方式承包"
			},{
				"bm":"qsdwmc",
				"name":"权属单位名称"
			}
		]
	},{
		"hjbglb":"cbtdyt",
		"bmDics":[
			{
				"bm":"qsdwbm",
				"name":"权属单位代码"
			},{
				"bm":"qsdwmc",
				"name":"权属单位名称"
			},{
				"bm":"zzymj",
				"name":"种植业用途面积"
			},{
				"bm":"yymj",
				"name":"渔业用途面积"
			},{
				"bm":"xmymj",
				"name":"畜牧业用途面积"
			},{
				"bm":"fnytmj",
				"name":"非农业用地面积"
			},{
				"bm":"lymj",
				"name":"林业用途面积"
			}
			
		]
	},{
		"hjbglb":"cbfhz",
		"bmDics":[
			{
				"bm":"qsdwbm",
				"name":"权属单位代码"
			},{
				"bm":"qsdwmc",
				"name":"权属单位名称"
			},{
				"bm":"jtcysl",
				"name":"家庭成员数量"
			},{
				"bm":"dwcbsl",
				"name":"单位承包数量"
			},{
				"bm":"grcbsl",
				"name":"个人承包数量"
			},{
				"bm":"cbnhsl",
				"name":"承包农户数量"
			}
		]
	},{
		"hjbglb":"fcbddklbhz",
		"bmDics":[
			{
				"bm":"qtjttdmj",
				"name":"其他集体土地面积"
			},{
				"bm":"qsdwmc",
				"name":"权属单位名称"
			},{
				"bm":"zldmj",
				"name":"自留地面积"
			},{
				"bm":"qsdwbm",
				"name":"权属单位编码"
			},{
				"bm":"jddmj",
				"name":"机动地面积"
			},{
				"bm":"khdmj",
				"name":"开荒地面积"
			}
		]
	}
]