{"value":[{"parentID":"0","proName":"香港特别行政区","proDesc":"香港特别行政区的省级地理要素行政编码","proID":"810000"},{"parentID":"0","proName":"澳门特别行政区","proDesc":"澳门特别行政区的省级地理要素行政编码","proID":"820000"},{"parentID":"0","proName":"北京市","proDesc":"北京市的省级地理要素行政编码","proID":"110000"},{"parentID":"0","proName":"天津市","proDesc":"天津市的省级地理要素行政编码","proID":"120000"},{"parentID":"0","proName":"河北省","proDesc":"河北省的省级地理要素行政编码","proID":"130000"},{"parentID":"0","proName":"山西省","proDesc":"山西省的省级地理要素行政编码","proID":"140000"},{"parentID":"0","proName":"内蒙古","proDesc":"内蒙古的省级地理要素行政编码","proID":"150000"},{"parentID":"0","proName":"辽宁省","proDesc":"辽宁省的省级地理要素行政编码","proID":"210000"},{"parentID":"0","proName":"吉林省","proDesc":"吉林省的省级地理要素行政编码","proID":"220000"},{"parentID":"0","proName":"黑龙江省","proDesc":"黑龙江省的省级地理要素行政编码","proID":"230000"},{"parentID":"0","proName":"上海市","proDesc":"上海市的省级地理要素行政编码","proID":"310000"},{"parentID":"0","proName":"江苏省","proDesc":"江苏省的省级地理要素行政编码","proID":"320000"},{"parentID":"0","proName":"浙江省","proDesc":"浙江省的省级地理要素行政编码","proID":"330000"},{"parentID":"0","proName":"安徽省","proDesc":"安徽省的省级地理要素行政编码","proID":"340000"},{"parentID":"0","proName":"福建省","proDesc":"福建省的省级地理要素行政编码","proID":"350000"},{"parentID":"0","proName":"江西省","proDesc":"江西省的省级地理要素行政编码","proID":"360000"},{"parentID":"0","proName":"山东省","proDesc":"山东省的省级地理要素行政编码","proID":"370000"},{"parentID":"0","proName":"河南省","proDesc":"河南省的省级地理要素行政编码","proID":"410000"},{"parentID":"0","proName":"湖北省","proDesc":"湖北省的省级地理要素行政编码","proID":"420000"},{"parentID":"0","proName":"湖南省","proDesc":"湖南省的省级地理要素行政编码","proID":"430000"},{"parentID":"0","proName":"广东省","proDesc":"广东省的省级地理要素行政编码","proID":"440000"},{"parentID":"0","proName":"广西省","proDesc":"广西省的省级地理要素行政编码","proID":"450000"},{"parentID":"0","proName":"海南省","proDesc":"海南省的省级地理要素行政编码","proID":"460000"},{"parentID":"0","proName":"重庆市","proDesc":"重庆市的省级地理要素行政编码","proID":"500000"},{"parentID":"0","proName":"四川省","proDesc":"四川省的省级地理要素行政编码","proID":"510000"},{"parentID":"0","proName":"贵州省","proDesc":"贵州省的省级地理要素行政编码","proID":"520000"},{"parentID":"0","proName":"云南省","proDesc":"云南省的省级地理要素行政编码","proID":"530000"},{"parentID":"0","proName":"西藏自治区","proDesc":"西藏自治区的省级地理要素行政编码","proID":"540000"},{"parentID":"0","proName":"陕西省","proDesc":"陕西省的省级地理要素行政编码","proID":"610000"},{"parentID":"0","proName":"甘肃省","proDesc":"甘肃省的省级地理要素行政编码","proID":"620000"},{"parentID":"0","proName":"青海省","proDesc":"青海省的省级地理要素行政编码","proID":"630000"},{"parentID":"0","proName":"宁夏","proDesc":"宁夏的省级地理要素行政编码","proID":"640000"},{"parentID":"0","proName":"新疆维吾尔族自治区","proDesc":"新疆维吾尔族自治区的省级地理要素行政编码","proID":"650000"},{"parentID":"0","proName":"台湾","proDesc":"台湾的省级地理要素行政编码","proID":"710000"}]}