{"value":[{"cityID":"150100","cityName":"呼和浩特市","cityDesc":"呼和浩特市的地市级地理要素行政编码","parentID":"150000"},{"cityID":"210800","cityName":"营口市","cityDesc":"营口市的地市级地理要素行政编码","parentID":"210000"},{"cityID":"210700","cityName":"锦州市","cityDesc":"锦州市的地市级地理要素行政编码","parentID":"210000"},{"cityID":"150200","cityName":"包头市","cityDesc":"包头市的地市级地理要素行政编码","parentID":"150000"},{"cityID":"110200","cityName":"北京市市辖县","cityDesc":"北京市市辖县的地市级地理要素行政编码","parentID":"110000"},{"cityID":"653000","cityName":"克孜勒苏柯尔克孜自治州","cityDesc":"克孜勒苏柯尔克孜自治州的地市级地理要素行政编码","parentID":"650000"},{"cityID":"130300","cityName":"秦皇岛市","cityDesc":"秦皇岛市的地市级地理要素行政编码","parentID":"130000"},{"cityID":"130800","cityName":"承德市","cityDesc":"承德市的地市级地理要素行政编码","parentID":"130000"},{"cityID":"211400","cityName":"葫芦岛市","cityDesc":"葫芦岛市的地市级地理要素行政编码","parentID":"210000"},{"cityID":"140200","cityName":"大同市","cityDesc":"大同市的地市级地理要素行政编码","parentID":"140000"},{"cityID":"150600","cityName":"鄂尔多斯市","cityDesc":"鄂尔多斯市的地市级地理要素行政编码","parentID":"150000"},{"cityID":"110100","cityName":"北京市市辖区","cityDesc":"北京市市辖区的地市级地理要素行政编码","parentID":"110000"},{"cityID":"130700","cityName":"张家口市","cityDesc":"张家口市的地市级地理要素行政编码","parentID":"130000"},{"cityID":"622100","cityName":"酒泉地区","cityDesc":"酒泉地区的地市级地理要素行政编码","parentID":"620000"},{"cityID":"622200","cityName":"张掖地区","cityDesc":"张掖地区的地市级地理要素行政编码","parentID":"620000"},{"cityID":"632200","cityName":"海北藏族自治州","cityDesc":"海北藏族自治州的地市级地理要素行政编码","parentID":"630000"},{"cityID":"120200","cityName":"天津市市辖县","cityDesc":"天津市市辖县的地市级地理要素行政编码","parentID":"120000"},{"cityID":"653100","cityName":"喀什地区","cityDesc":"喀什地区的地市级地理要素行政编码","parentID":"650000"},{"cityID":"620300","cityName":"金昌市","cityDesc":"金昌市的地市级地理要素行政编码","parentID":"620000"},{"cityID":"130200","cityName":"唐山市","cityDesc":"唐山市的地市级地理要素行政编码","parentID":"130000"},{"cityID":"360500","cityName":"新余市","cityDesc":"新余市的地市级地理要素行政编码","parentID":"360000"},{"cityID":"450600","cityName":"防城港市","cityDesc":"防城港市的地市级地理要素行政编码","parentID":"450000"},{"cityID":"440700","cityName":"江门市","cityDesc":"江门市的地市级地理要素行政编码","parentID":"440000"},{"cityID":"460200","cityName":"三亚市","cityDesc":"三亚市的地市级地理要素行政编码","parentID":"460000"},{"cityID":"445100","cityName":"潮州市","cityDesc":"潮州市的地市级地理要素行政编码","parentID":"440000"},{"cityID":"420700","cityName":"鄂州市","cityDesc":"鄂州市的地市级地理要素行政编码","parentID":"420000"},{"cityID":"360100","cityName":"南昌市","cityDesc":"南昌市的地市级地理要素行政编码","parentID":"360000"},{"cityID":"360600","cityName":"鹰潭市","cityDesc":"鹰潭市的地市级地理要素行政编码","parentID":"360000"},{"cityID":"430100","cityName":"长沙市","cityDesc":"长沙市的地市级地理要素行政编码","parentID":"430000"},{"cityID":"542200","cityName":"山南地区","cityDesc":"山南地区的地市级地理要素行政编码","parentID":"540000"},{"cityID":"361100","cityName":"上饶市","cityDesc":"上饶市的地市级地理要素行政编码","parentID":"360000"},{"cityID":"533300","cityName":"怒江傈僳族自治州","cityDesc":"怒江傈僳族自治州的地市级地理要素行政编码","parentID":"530000"},{"cityID":"542300","cityName":"日喀则地区","cityDesc":"日喀则地区的地市级地理要素行政编码","parentID":"540000"},{"cityID":"530600","cityName":"昭通市","cityDesc":"昭通市的地市级地理要素行政编码","parentID":"530000"},{"cityID":"360900","cityName":"宜春市","cityDesc":"宜春市的地市级地理要素行政编码","parentID":"360000"},{"cityID":"430300","cityName":"湘潭市","cityDesc":"湘潭市的地市级地理要素行政编码","parentID":"430000"},{"cityID":"431300","cityName":"娄底市","cityDesc":"娄底市的地市级地理要素行政编码","parentID":"430000"},{"cityID":"533400","cityName":"迪庆藏族自治州","cityDesc":"迪庆藏族自治州的地市级地理要素行政编码","parentID":"530000"},{"cityID":"360300","cityName":"萍乡市","cityDesc":"萍乡市的地市级地理要素行政编码","parentID":"360000"},{"cityID":"331100","cityName":"丽水市","cityDesc":"丽水市的地市级地理要素行政编码","parentID":"330000"},{"cityID":"513400","cityName":"凉山彝族自治州","cityDesc":"凉山彝族自治州的地市级地理要素行政编码","parentID":"510000"},{"cityID":"520300","cityName":"遵义市","cityDesc":"遵义市的地市级地理要素行政编码","parentID":"520000"},{"cityID":"361000","cityName":"抚州市","cityDesc":"抚州市的地市级地理要素行政编码","parentID":"360000"},{"cityID":"330300","cityName":"温州市","cityDesc":"温州市的地市级地理要素行政编码","parentID":"330000"},{"cityID":"522200","cityName":"铜仁地区","cityDesc":"铜仁地区的地市级地理要素行政编码","parentID":"520000"},{"cityID":"430500","cityName":"邵阳市","cityDesc":"邵阳市的地市级地理要素行政编码","parentID":"430000"},{"cityID":"522400","cityName":"毕节地区","cityDesc":"毕节地区的地市级地理要素行政编码","parentID":"520000"},{"cityID":"350700","cityName":"南平市","cityDesc":"南平市的地市级地理要素行政编码","parentID":"350000"},{"cityID":"520100","cityName":"贵阳市","cityDesc":"贵阳市的地市级地理要素行政编码","parentID":"520000"},{"cityID":"430200","cityName":"株洲市","cityDesc":"株洲市的地市级地理要素行政编码","parentID":"430000"},{"cityID":"350900","cityName":"宁德市","cityDesc":"宁德市的地市级地理要素行政编码","parentID":"350000"},{"cityID":"522700","cityName":"黔南布依族苗族自治州","cityDesc":"黔南布依族苗族自治州的地市级地理要素行政编码","parentID":"520000"},{"cityID":"430400","cityName":"衡阳市","cityDesc":"衡阳市的地市级地理要素行政编码","parentID":"430000"},{"cityID":"533200","cityName":"丽江地区","cityDesc":"丽江地区的地市级地理要素行政编码","parentID":"530000"},{"cityID":"520200","cityName":"六盘水市","cityDesc":"六盘水市的地市级地理要素行政编码","parentID":"520000"},{"cityID":"431100","cityName":"永州市","cityDesc":"永州市的地市级地理要素行政编码","parentID":"430000"},{"cityID":"360800","cityName":"吉安市","cityDesc":"吉安市的地市级地理要素行政编码","parentID":"360000"},{"cityID":"431200","cityName":"怀化市","cityDesc":"怀化市的地市级地理要素行政编码","parentID":"430000"},{"cityID":"510400","cityName":"攀枝花市","cityDesc":"攀枝花市的地市级地理要素行政编码","parentID":"510000"},{"cityID":"530300","cityName":"曲靖市","cityDesc":"曲靖市的地市级地理要素行政编码","parentID":"530000"},{"cityID":"350400","cityName":"三明市","cityDesc":"三明市的地市级地理要素行政编码","parentID":"350000"},{"cityID":"530100","cityName":"昆明市","cityDesc":"昆明市的地市级地理要素行政编码","parentID":"530000"},{"cityID":"522600","cityName":"黔东南苗族侗族自治州","cityDesc":"黔东南苗族侗族自治州的地市级地理要素行政编码","parentID":"520000"},{"cityID":"431000","cityName":"郴州市","cityDesc":"郴州市的地市级地理要素行政编码","parentID":"430000"},{"cityID":"450300","cityName":"桂林市","cityDesc":"桂林市的地市级地理要素行政编码","parentID":"450000"},{"cityID":"520400","cityName":"安顺市","cityDesc":"安顺市的地市级地理要素行政编码","parentID":"520000"},{"cityID":"522300","cityName":"黔西南布依族苗族自治州","cityDesc":"黔西南布依族苗族自治州的地市级地理要素行政编码","parentID":"520000"},{"cityID":"360700","cityName":"赣州市","cityDesc":"赣州市的地市级地理要素行政编码","parentID":"360000"},{"cityID":"532900","cityName":"大理白族自治州","cityDesc":"大理白族自治州的地市级地理要素行政编码","parentID":"530000"},{"cityID":"350800","cityName":"龙岩市","cityDesc":"龙岩市的地市级地理要素行政编码","parentID":"350000"},{"cityID":"350500","cityName":"泉州市","cityDesc":"泉州市的地市级地理要素行政编码","parentID":"350000"},{"cityID":"350100","cityName":"福州市","cityDesc":"福州市的地市级地理要素行政编码","parentID":"350000"},{"cityID":"533100","cityName":"德宏傣族景颇族自治州","cityDesc":"德宏傣族景颇族自治州的地市级地理要素行政编码","parentID":"530000"},{"cityID":"350300","cityName":"莆田市","cityDesc":"莆田市的地市级地理要素行政编码","parentID":"350000"},{"cityID":"530500","cityName":"保山市","cityDesc":"保山市的地市级地理要素行政编码","parentID":"530000"},{"cityID":"440200","cityName":"韶关市","cityDesc":"韶关市的地市级地理要素行政编码","parentID":"440000"},{"cityID":"441400","cityName":"梅州市","cityDesc":"梅州市的地市级地理要素行政编码","parentID":"440000"},{"cityID":"452700","cityName":"河池地区","cityDesc":"河池地区的地市级地理要素行政编码","parentID":"450000"},{"cityID":"441800","cityName":"清远市","cityDesc":"清远市的地市级地理要素行政编码","parentID":"440000"},{"cityID":"530400","cityName":"玉溪市","cityDesc":"玉溪市的地市级地理要素行政编码","parentID":"530000"},{"cityID":"450200","cityName":"柳州市","cityDesc":"柳州市的地市级地理要素行政编码","parentID":"450000"},{"cityID":"350200","cityName":"厦门市","cityDesc":"厦门市的地市级地理要素行政编码","parentID":"350000"},{"cityID":"452400","cityName":"贺州地区","cityDesc":"贺州地区的地市级地理要素行政编码","parentID":"450000"},{"cityID":"452200","cityName":"柳州地区","cityDesc":"柳州地区的地市级地理要素行政编码","parentID":"450000"},{"cityID":"533500","cityName":"临沧地区","cityDesc":"临沧地区的地市级地理要素行政编码","parentID":"530000"},{"cityID":"350600","cityName":"漳州市","cityDesc":"漳州市的地市级地理要素行政编码","parentID":"350000"},{"cityID":"450800","cityName":"贵港市","cityDesc":"贵港市的地市级地理要素行政编码","parentID":"450000"},{"cityID":"452600","cityName":"百色地区","cityDesc":"百色地区的地市级地理要素行政编码","parentID":"450000"},{"cityID":"441600","cityName":"河源市","cityDesc":"河源市的地市级地理要素行政编码","parentID":"440000"},{"cityID":"532600","cityName":"文山壮族苗族自治州","cityDesc":"文山壮族苗族自治州的地市级地理要素行政编码","parentID":"530000"},{"cityID":"445200","cityName":"揭阳市","cityDesc":"揭阳市的地市级地理要素行政编码","parentID":"440000"},{"cityID":"440600","cityName":"佛山市","cityDesc":"佛山市的地市级地理要素行政编码","parentID":"440000"},{"cityID":"441200","cityName":"肇庆市","cityDesc":"肇庆市的地市级地理要素行政编码","parentID":"440000"},{"cityID":"450400","cityName":"梧州市","cityDesc":"梧州市的地市级地理要素行政编码","parentID":"450000"},{"cityID":"532500","cityName":"红河哈尼族彝族自治州","cityDesc":"红河哈尼族彝族自治州的地市级地理要素行政编码","parentID":"530000"},{"cityID":"440500","cityName":"汕头市","cityDesc":"汕头市的地市级地理要素行政编码","parentID":"440000"},{"cityID":"710000","cityName":"台湾省","cityDesc":"台湾省的地市级地理要素行政编码","parentID":"710000"},{"cityID":"450100","cityName":"南宁市","cityDesc":"南宁市的地市级地理要素行政编码","parentID":"450000"},{"cityID":"445300","cityName":"云浮市","cityDesc":"云浮市的地市级地理要素行政编码","parentID":"440000"},{"cityID":"532300","cityName":"楚雄彝族自治州","cityDesc":"楚雄彝族自治州的地市级地理要素行政编码","parentID":"530000"},{"cityID":"532700","cityName":"思茅地区","cityDesc":"思茅地区的地市级地理要素行政编码","parentID":"530000"},{"cityID":"440100","cityName":"广州市","cityDesc":"广州市的地市级地理要素行政编码","parentID":"440000"},{"cityID":"441300","cityName":"惠州市","cityDesc":"惠州市的地市级地理要素行政编码","parentID":"440000"},{"cityID":"450700","cityName":"钦州市","cityDesc":"钦州市的地市级地理要素行政编码","parentID":"450000"},{"cityID":"441500","cityName":"汕尾市","cityDesc":"汕尾市的地市级地理要素行政编码","parentID":"440000"},{"cityID":"532800","cityName":"西双版纳傣族自治州","cityDesc":"西双版纳傣族自治州的地市级地理要素行政编码","parentID":"530000"},{"cityID":"450900","cityName":"玉林市","cityDesc":"玉林市的地市级地理要素行政编码","parentID":"450000"},{"cityID":"810000","cityName":"香港特别行政区","cityDesc":"香港特别行政区的地市级地理要素行政编码","parentID":"810000"},{"cityID":"452100","cityName":"南宁地区","cityDesc":"南宁地区的地市级地理要素行政编码","parentID":"450000"},{"cityID":"440400","cityName":"珠海市","cityDesc":"珠海市的地市级地理要素行政编码","parentID":"440000"},{"cityID":"440300","cityName":"深圳市","cityDesc":"深圳市的地市级地理要素行政编码","parentID":"440000"},{"cityID":"211000","cityName":"辽阳市","cityDesc":"辽阳市的地市级地理要素行政编码","parentID":"210000"},{"cityID":"152800","cityName":"巴彦淖尔盟","cityDesc":"巴彦淖尔盟的地市级地理要素行政编码","parentID":"150000"},{"cityID":"120100","cityName":"天津市市辖区","cityDesc":"天津市市辖区的地市级地理要素行政编码","parentID":"120000"},{"cityID":"640100","cityName":"银川市","cityDesc":"银川市的地市级地理要素行政编码","parentID":"640000"},{"cityID":"131000","cityName":"廊坊市","cityDesc":"廊坊市的地市级地理要素行政编码","parentID":"130000"},{"cityID":"653200","cityName":"和田地区","cityDesc":"和田地区的地市级地理要素行政编码","parentID":"650000"},{"cityID":"142300","cityName":"吕梁地区","cityDesc":"吕梁地区的地市级地理要素行政编码","parentID":"140000"},{"cityID":"140100","cityName":"太原市","cityDesc":"太原市的地市级地理要素行政编码","parentID":"140000"},{"cityID":"370600","cityName":"烟台市","cityDesc":"烟台市的地市级地理要素行政编码","parentID":"370000"},{"cityID":"130100","cityName":"石家庄市","cityDesc":"石家庄市的地市级地理要素行政编码","parentID":"130000"},{"cityID":"640300","cityName":"吴忠市","cityDesc":"吴忠市的地市级地理要素行政编码","parentID":"640000"},{"cityID":"130900","cityName":"沧州市","cityDesc":"沧州市的地市级地理要素行政编码","parentID":"130000"},{"cityID":"622300","cityName":"武威地区","cityDesc":"武威地区的地市级地理要素行政编码","parentID":"620000"},{"cityID":"131100","cityName":"衡水市","cityDesc":"衡水市的地市级地理要素行政编码","parentID":"130000"},{"cityID":"371600","cityName":"滨州市","cityDesc":"滨州市的地市级地理要素行政编码","parentID":"370000"},{"cityID":"140700","cityName":"晋中市","cityDesc":"晋中市的地市级地理要素行政编码","parentID":"140000"},{"cityID":"371400","cityName":"德州市","cityDesc":"德州市的地市级地理要素行政编码","parentID":"370000"},{"cityID":"130500","cityName":"邢台市","cityDesc":"邢台市的地市级地理要素行政编码","parentID":"130000"},{"cityID":"370500","cityName":"东营市","cityDesc":"东营市的地市级地理要素行政编码","parentID":"370000"},{"cityID":"370100","cityName":"济南市","cityDesc":"济南市的地市级地理要素行政编码","parentID":"370000"},{"cityID":"642200","cityName":"固原地区","cityDesc":"固原地区的地市级地理要素行政编码","parentID":"640000"},{"cityID":"620200","cityName":"嘉峪关市","cityDesc":"嘉峪关市的地市级地理要素行政编码","parentID":"620000"},{"cityID":"620400","cityName":"白银市","cityDesc":"白银市的地市级地理要素行政编码","parentID":"620000"},{"cityID":"620100","cityName":"兰州市","cityDesc":"兰州市的地市级地理要素行政编码","parentID":"620000"},{"cityID":"140400","cityName":"长治市","cityDesc":"长治市的地市级地理要素行政编码","parentID":"140000"},{"cityID":"630100","cityName":"西宁市","cityDesc":"西宁市的地市级地理要素行政编码","parentID":"630000"},{"cityID":"371000","cityName":"威海市","cityDesc":"威海市的地市级地理要素行政编码","parentID":"370000"},{"cityID":"130400","cityName":"邯郸市","cityDesc":"邯郸市的地市级地理要素行政编码","parentID":"130000"},{"cityID":"441900","cityName":"东莞市","cityDesc":"东莞市的地市级地理要素行政编码","parentID":"440000"},{"cityID":"450500","cityName":"北海市","cityDesc":"北海市的地市级地理要素行政编码","parentID":"450000"},{"cityID":"440900","cityName":"茂名市","cityDesc":"茂名市的地市级地理要素行政编码","parentID":"440000"},{"cityID":"440800","cityName":"湛江市","cityDesc":"湛江市的地市级地理要素行政编码","parentID":"440000"},{"cityID":"622400","cityName":"定西地区","cityDesc":"定西地区的地市级地理要素行政编码","parentID":"620000"},{"cityID":"622900","cityName":"临夏回族自治州","cityDesc":"临夏回族自治州的地市级地理要素行政编码","parentID":"620000"},{"cityID":"410900","cityName":"濮阳市","cityDesc":"濮阳市的地市级地理要素行政编码","parentID":"410000"},{"cityID":"370800","cityName":"济宁市","cityDesc":"济宁市的地市级地理要素行政编码","parentID":"370000"},{"cityID":"410800","cityName":"焦作市","cityDesc":"焦作市的地市级地理要素行政编码","parentID":"410000"},{"cityID":"371700","cityName":"菏泽市","cityDesc":"菏泽市的地市级地理要素行政编码","parentID":"370000"},{"cityID":"410700","cityName":"新乡市","cityDesc":"新乡市的地市级地理要素行政编码","parentID":"410000"},{"cityID":"622700","cityName":"平凉地区","cityDesc":"平凉地区的地市级地理要素行政编码","parentID":"620000"},{"cityID":"610200","cityName":"铜川市","cityDesc":"铜川市的地市级地理要素行政编码","parentID":"610000"},{"cityID":"370400","cityName":"枣庄市","cityDesc":"枣庄市的地市级地理要素行政编码","parentID":"370000"},{"cityID":"632600","cityName":"果洛藏族自治州","cityDesc":"果洛藏族自治州的地市级地理要素行政编码","parentID":"630000"},{"cityID":"610500","cityName":"渭南市","cityDesc":"渭南市的地市级地理要素行政编码","parentID":"610000"},{"cityID":"371100","cityName":"日照市","cityDesc":"日照市的地市级地理要素行政编码","parentID":"370000"},{"cityID":"610300","cityName":"宝鸡市","cityDesc":"宝鸡市的地市级地理要素行政编码","parentID":"610000"},{"cityID":"371300","cityName":"临沂市","cityDesc":"临沂市的地市级地理要素行政编码","parentID":"370000"},{"cityID":"140800","cityName":"运城市","cityDesc":"运城市的地市级地理要素行政编码","parentID":"140000"},{"cityID":"620500","cityName":"天水市","cityDesc":"天水市的地市级地理要素行政编码","parentID":"620000"},{"cityID":"410200","cityName":"开封市","cityDesc":"开封市的地市级地理要素行政编码","parentID":"410000"},{"cityID":"623000","cityName":"甘南藏族自治州","cityDesc":"甘南藏族自治州的地市级地理要素行政编码","parentID":"620000"},{"cityID":"632300","cityName":"黄南藏族自治州","cityDesc":"黄南藏族自治州的地市级地理要素行政编码","parentID":"630000"},{"cityID":"410100","cityName":"郑州市","cityDesc":"郑州市的地市级地理要素行政编码","parentID":"410000"},{"cityID":"411200","cityName":"三门峡市","cityDesc":"三门峡市的地市级地理要素行政编码","parentID":"410000"},{"cityID":"320700","cityName":"连云港市","cityDesc":"连云港市的地市级地理要素行政编码","parentID":"320000"},{"cityID":"341300","cityName":"宿州市","cityDesc":"宿州市的地市级地理要素行政编码","parentID":"340000"},{"cityID":"610400","cityName":"咸阳市","cityDesc":"咸阳市的地市级地理要素行政编码","parentID":"610000"},{"cityID":"411400","cityName":"商丘市","cityDesc":"商丘市的地市级地理要素行政编码","parentID":"410000"},{"cityID":"410300","cityName":"洛阳市","cityDesc":"洛阳市的地市级地理要素行政编码","parentID":"410000"},{"cityID":"610100","cityName":"西安市","cityDesc":"西安市的地市级地理要素行政编码","parentID":"610000"},{"cityID":"411000","cityName":"许昌市","cityDesc":"许昌市的地市级地理要素行政编码","parentID":"410000"},{"cityID":"612500","cityName":"商洛地区","cityDesc":"商洛地区的地市级地理要素行政编码","parentID":"610000"},{"cityID":"320300","cityName":"徐州市","cityDesc":"徐州市的地市级地理要素行政编码","parentID":"320000"},{"cityID":"340600","cityName":"淮北市","cityDesc":"淮北市的地市级地理要素行政编码","parentID":"340000"},{"cityID":"410400","cityName":"平顶山市","cityDesc":"平顶山市的地市级地理要素行政编码","parentID":"410000"},{"cityID":"622600","cityName":"陇南地区","cityDesc":"陇南地区的地市级地理要素行政编码","parentID":"620000"},{"cityID":"321300","cityName":"宿迁市","cityDesc":"宿迁市的地市级地理要素行政编码","parentID":"320000"},{"cityID":"411600","cityName":"周口市","cityDesc":"周口市的地市级地理要素行政编码","parentID":"410000"},{"cityID":"320900","cityName":"盐城市","cityDesc":"盐城市的地市级地理要素行政编码","parentID":"320000"},{"cityID":"411100","cityName":"漯河市","cityDesc":"漯河市的地市级地理要素行政编码","parentID":"410000"},{"cityID":"341600","cityName":"亳州市","cityDesc":"亳州市的地市级地理要素行政编码","parentID":"340000"},{"cityID":"610700","cityName":"汉中市","cityDesc":"汉中市的地市级地理要素行政编码","parentID":"610000"},{"cityID":"340300","cityName":"蚌埠市","cityDesc":"蚌埠市的地市级地理要素行政编码","parentID":"340000"},{"cityID":"320800","cityName":"淮安市","cityDesc":"淮安市的地市级地理要素行政编码","parentID":"320000"},{"cityID":"411700","cityName":"驻马店市","cityDesc":"驻马店市的地市级地理要素行政编码","parentID":"410000"},{"cityID":"340400","cityName":"淮南市","cityDesc":"淮南市的地市级地理要素行政编码","parentID":"340000"},{"cityID":"341200","cityName":"阜阳市","cityDesc":"阜阳市的地市级地理要素行政编码","parentID":"340000"},{"cityID":"632700","cityName":"玉树藏族自治州","cityDesc":"玉树藏族自治州的地市级地理要素行政编码","parentID":"630000"},{"cityID":"321200","cityName":"泰州市","cityDesc":"泰州市的地市级地理要素行政编码","parentID":"320000"},{"cityID":"411300","cityName":"南阳市","cityDesc":"南阳市的地市级地理要素行政编码","parentID":"410000"},{"cityID":"320600","cityName":"南通市","cityDesc":"南通市的地市级地理要素行政编码","parentID":"320000"},{"cityID":"610900","cityName":"安康市","cityDesc":"安康市的地市级地理要素行政编码","parentID":"610000"},{"cityID":"340100","cityName":"合肥市","cityDesc":"合肥市的地市级地理要素行政编码","parentID":"340000"},{"cityID":"513200","cityName":"阿坝藏族羌族自治州","cityDesc":"阿坝藏族羌族自治州的地市级地理要素行政编码","parentID":"510000"},{"cityID":"341100","cityName":"滁州市","cityDesc":"滁州市的地市级地理要素行政编码","parentID":"340000"},{"cityID":"420300","cityName":"十堰市","cityDesc":"十堰市的地市级地理要素行政编码","parentID":"420000"},{"cityID":"321000","cityName":"扬州市","cityDesc":"扬州市的地市级地理要素行政编码","parentID":"320000"},{"cityID":"411500","cityName":"信阳市","cityDesc":"信阳市的地市级地理要素行政编码","parentID":"410000"},{"cityID":"510800","cityName":"广元市","cityDesc":"广元市的地市级地理要素行政编码","parentID":"510000"},{"cityID":"321100","cityName":"镇江市","cityDesc":"镇江市的地市级地理要素行政编码","parentID":"320000"},{"cityID":"421300","cityName":"随州市","cityDesc":"随州市的地市级地理要素行政编码","parentID":"420000"},{"cityID":"511900","cityName":"巴中市","cityDesc":"巴中市的地市级地理要素行政编码","parentID":"510000"},{"cityID":"320400","cityName":"常州市","cityDesc":"常州市的地市级地理要素行政编码","parentID":"320000"},{"cityID":"420600","cityName":"襄樊市","cityDesc":"襄樊市的地市级地理要素行政编码","parentID":"420000"},{"cityID":"510700","cityName":"绵阳市","cityDesc":"绵阳市的地市级地理要素行政编码","parentID":"510000"},{"cityID":"542500","cityName":"阿里地区","cityDesc":"阿里地区的地市级地理要素行政编码","parentID":"540000"},{"cityID":"341500","cityName":"六安市","cityDesc":"六安市的地市级地理要素行政编码","parentID":"340000"},{"cityID":"320200","cityName":"无锡市","cityDesc":"无锡市的地市级地理要素行政编码","parentID":"320000"},{"cityID":"420800","cityName":"荆门市","cityDesc":"荆门市的地市级地理要素行政编码","parentID":"420000"},{"cityID":"341400","cityName":"巢湖市","cityDesc":"巢湖市的地市级地理要素行政编码","parentID":"340000"},{"cityID":"511700","cityName":"达州市","cityDesc":"达州市的地市级地理要素行政编码","parentID":"510000"},{"cityID":"320500","cityName":"苏州市","cityDesc":"苏州市的地市级地理要素行政编码","parentID":"320000"},{"cityID":"320100","cityName":"南京市","cityDesc":"南京市的地市级地理要素行政编码","parentID":"320000"},{"cityID":"420900","cityName":"孝感市","cityDesc":"孝感市的地市级地理要素行政编码","parentID":"420000"},{"cityID":"511300","cityName":"南充市","cityDesc":"南充市的地市级地理要素行政编码","parentID":"510000"},{"cityID":"420100","cityName":"武汉市","cityDesc":"武汉市的地市级地理要素行政编码","parentID":"420000"},{"cityID":"341800","cityName":"宣城市","cityDesc":"宣城市的地市级地理要素行政编码","parentID":"340000"},{"cityID":"340200","cityName":"芜湖市","cityDesc":"芜湖市的地市级地理要素行政编码","parentID":"340000"},{"cityID":"510600","cityName":"德阳市","cityDesc":"德阳市的地市级地理要素行政编码","parentID":"510000"},{"cityID":"420500","cityName":"宜昌市","cityDesc":"宜昌市的地市级地理要素行政编码","parentID":"420000"},{"cityID":"310100","cityName":"上海市市辖区","cityDesc":"上海市市辖区的地市级地理要素行政编码","parentID":"310000"},{"cityID":"510100","cityName":"成都市","cityDesc":"成都市的地市级地理要素行政编码","parentID":"510000"},{"cityID":"341700","cityName":"池州市","cityDesc":"池州市的地市级地理要素行政编码","parentID":"340000"},{"cityID":"340800","cityName":"安庆市","cityDesc":"安庆市的地市级地理要素行政编码","parentID":"340000"},{"cityID":"330400","cityName":"嘉兴市","cityDesc":"嘉兴市的地市级地理要素行政编码","parentID":"330000"},{"cityID":"511600","cityName":"广安市","cityDesc":"广安市的地市级地理要素行政编码","parentID":"510000"},{"cityID":"330500","cityName":"湖州市","cityDesc":"湖州市的地市级地理要素行政编码","parentID":"330000"},{"cityID":"421100","cityName":"黄冈市","cityDesc":"黄冈市的地市级地理要素行政编码","parentID":"420000"},{"cityID":"510900","cityName":"遂宁市","cityDesc":"遂宁市的地市级地理要素行政编码","parentID":"510000"},{"cityID":"500200","cityName":"重庆市市辖县","cityDesc":"重庆市市辖县的地市级地理要素行政编码","parentID":"500000"},{"cityID":"429000","cityName":"湖北省直辖行政单位","cityDesc":"湖北省直辖行政单位的地市级地理要素行政编码","parentID":"420000"},{"cityID":"341000","cityName":"黄山市","cityDesc":"黄山市的地市级地理要素行政编码","parentID":"340000"},{"cityID":"421000","cityName":"荆州市","cityDesc":"荆州市的地市级地理要素行政编码","parentID":"420000"},{"cityID":"511400","cityName":"眉山市","cityDesc":"眉山市的地市级地理要素行政编码","parentID":"510000"},{"cityID":"542100","cityName":"昌都地区","cityDesc":"昌都地区的地市级地理要素行政编码","parentID":"540000"},{"cityID":"441700","cityName":"阳江市","cityDesc":"阳江市的地市级地理要素行政编码","parentID":"440000"},{"cityID":"440000","cityName":"广东省直辖行政单位","cityDesc":"广东省直辖行政单位的地市级地理要素行政编码","parentID":"440000"},{"cityID":"512000","cityName":"资阳市","cityDesc":"资阳市的地市级地理要素行政编码","parentID":"510000"},{"cityID":"511800","cityName":"雅安市","cityDesc":"雅安市的地市级地理要素行政编码","parentID":"510000"},{"cityID":"422800","cityName":"恩施土家族苗族自治州","cityDesc":"恩施土家族苗族自治州的地市级地理要素行政编码","parentID":"420000"},{"cityID":"330900","cityName":"舟山市","cityDesc":"舟山市的地市级地理要素行政编码","parentID":"330000"},{"cityID":"330600","cityName":"绍兴市","cityDesc":"绍兴市的地市级地理要素行政编码","parentID":"330000"},{"cityID":"420200","cityName":"黄石市","cityDesc":"黄石市的地市级地理要素行政编码","parentID":"420000"},{"cityID":"540100","cityName":"拉萨市","cityDesc":"拉萨市的地市级地理要素行政编码","parentID":"540000"},{"cityID":"511000","cityName":"内江市","cityDesc":"内江市的地市级地理要素行政编码","parentID":"510000"},{"cityID":"421200","cityName":"咸宁市","cityDesc":"咸宁市的地市级地理要素行政编码","parentID":"420000"},{"cityID":"360200","cityName":"景德镇市","cityDesc":"景德镇市的地市级地理要素行政编码","parentID":"360000"},{"cityID":"511100","cityName":"乐山市","cityDesc":"乐山市的地市级地理要素行政编码","parentID":"510000"},{"cityID":"360400","cityName":"九江市","cityDesc":"九江市的地市级地理要素行政编码","parentID":"360000"},{"cityID":"330100","cityName":"杭州市","cityDesc":"杭州市的地市级地理要素行政编码","parentID":"330000"},{"cityID":"510300","cityName":"自贡市","cityDesc":"自贡市的地市级地理要素行政编码","parentID":"510000"},{"cityID":"542600","cityName":"林芝地区","cityDesc":"林芝地区的地市级地理要素行政编码","parentID":"540000"},{"cityID":"500100","cityName":"重庆市市辖区","cityDesc":"重庆市市辖区的地市级地理要素行政编码","parentID":"500000"},{"cityID":"500300","cityName":"重庆市市辖市","cityDesc":"重庆市市辖市的地市级地理要素行政编码","parentID":"500000"},{"cityID":"430800","cityName":"张家界市","cityDesc":"张家界市的地市级地理要素行政编码","parentID":"430000"},{"cityID":"460000","cityName":"海南省直辖行政单位","cityDesc":"海南省直辖行政单位的地市级地理要素行政编码","parentID":"460000"},{"cityID":"330200","cityName":"宁波市","cityDesc":"宁波市的地市级地理要素行政编码","parentID":"330000"},{"cityID":"510500","cityName":"泸州市","cityDesc":"泸州市的地市级地理要素行政编码","parentID":"510000"},{"cityID":"330700","cityName":"金华市","cityDesc":"金华市的地市级地理要素行政编码","parentID":"330000"},{"cityID":"330800","cityName":"衢州市","cityDesc":"衢州市的地市级地理要素行政编码","parentID":"330000"},{"cityID":"513300","cityName":"甘孜藏族自治州","cityDesc":"甘孜藏族自治州的地市级地理要素行政编码","parentID":"510000"},{"cityID":"430700","cityName":"常德市","cityDesc":"常德市的地市级地理要素行政编码","parentID":"430000"},{"cityID":"331000","cityName":"台州市","cityDesc":"台州市的地市级地理要素行政编码","parentID":"330000"},{"cityID":"511500","cityName":"宜宾市","cityDesc":"宜宾市的地市级地理要素行政编码","parentID":"510000"},{"cityID":"430600","cityName":"岳阳市","cityDesc":"岳阳市的地市级地理要素行政编码","parentID":"430000"},{"cityID":"433100","cityName":"湘西土家族苗族自治州","cityDesc":"湘西土家族苗族自治州的地市级地理要素行政编码","parentID":"430000"},{"cityID":"430900","cityName":"益阳市","cityDesc":"益阳市的地市级地理要素行政编码","parentID":"430000"},{"cityID":"820000","cityName":"澳门特别行政区","cityDesc":"澳门特别行政区的地市级地理要素行政编码","parentID":"820000"},{"cityID":"340500","cityName":"马鞍山市","cityDesc":"马鞍山市的地市级地理要素行政编码","parentID":"340000"},{"cityID":"310200","cityName":"上海市市辖县","cityDesc":"上海市市辖县的地市级地理要素行政编码","parentID":"310000"},{"cityID":"340700","cityName":"铜陵市","cityDesc":"铜陵市的地市级地理要素行政编码","parentID":"340000"},{"cityID":"460100","cityName":"海口市","cityDesc":"海口市的地市级地理要素行政编码","parentID":"460000"},{"cityID":"442000","cityName":"中山市","cityDesc":"中山市的地市级地理要素行政编码","parentID":"440000"},{"cityID":"632100","cityName":"海东地区","cityDesc":"海东地区的地市级地理要素行政编码","parentID":"630000"},{"cityID":"371200","cityName":"莱芜市","cityDesc":"莱芜市的地市级地理要素行政编码","parentID":"370000"},{"cityID":"371500","cityName":"聊城市","cityDesc":"聊城市的地市级地理要素行政编码","parentID":"370000"},{"cityID":"370200","cityName":"青岛市","cityDesc":"青岛市的地市级地理要素行政编码","parentID":"370000"},{"cityID":"610600","cityName":"延安市","cityDesc":"延安市的地市级地理要素行政编码","parentID":"610000"},{"cityID":"370300","cityName":"淄博市","cityDesc":"淄博市的地市级地理要素行政编码","parentID":"370000"},{"cityID":"370700","cityName":"潍坊市","cityDesc":"潍坊市的地市级地理要素行政编码","parentID":"370000"},{"cityID":"140900","cityName":"忻州市","cityDesc":"忻州市的地市级地理要素行政编码","parentID":"140000"},{"cityID":"140300","cityName":"阳泉市","cityDesc":"阳泉市的地市级地理要素行政编码","parentID":"140000"},{"cityID":"622800","cityName":"庆阳地区","cityDesc":"庆阳地区的地市级地理要素行政编码","parentID":"620000"},{"cityID":"632500","cityName":"海南藏族自治州","cityDesc":"海南藏族自治州的地市级地理要素行政编码","parentID":"630000"},{"cityID":"370900","cityName":"泰安市","cityDesc":"泰安市的地市级地理要素行政编码","parentID":"370000"},{"cityID":"141000","cityName":"临汾市","cityDesc":"临汾市的地市级地理要素行政编码","parentID":"140000"},{"cityID":"140500","cityName":"晋城市","cityDesc":"晋城市的地市级地理要素行政编码","parentID":"140000"},{"cityID":"410600","cityName":"鹤壁市","cityDesc":"鹤壁市的地市级地理要素行政编码","parentID":"410000"},{"cityID":"410500","cityName":"安阳市","cityDesc":"安阳市的地市级地理要素行政编码","parentID":"410000"},{"cityID":"232700","cityName":"大兴安岭地区","cityDesc":"大兴安岭地区的地市级地理要素行政编码","parentID":"230000"},{"cityID":"152100","cityName":"呼伦贝尔盟","cityDesc":"呼伦贝尔盟的地市级地理要素行政编码","parentID":"150000"},{"cityID":"231100","cityName":"黑河市","cityDesc":"黑河市的地市级地理要素行政编码","parentID":"230000"},{"cityID":"230700","cityName":"伊春市","cityDesc":"伊春市的地市级地理要素行政编码","parentID":"230000"},{"cityID":"230200","cityName":"齐齐哈尔市","cityDesc":"齐齐哈尔市的地市级地理要素行政编码","parentID":"230000"},{"cityID":"654300","cityName":"阿勒泰地区","cityDesc":"阿勒泰地区的地市级地理要素行政编码","parentID":"650000"},{"cityID":"230400","cityName":"鹤岗市","cityDesc":"鹤岗市的地市级地理要素行政编码","parentID":"230000"},{"cityID":"230800","cityName":"佳木斯市","cityDesc":"佳木斯市的地市级地理要素行政编码","parentID":"230000"},{"cityID":"230600","cityName":"大庆市","cityDesc":"大庆市的地市级地理要素行政编码","parentID":"230000"},{"cityID":"152200","cityName":"兴安盟","cityDesc":"兴安盟的地市级地理要素行政编码","parentID":"150000"},{"cityID":"231200","cityName":"绥化市","cityDesc":"绥化市的地市级地理要素行政编码","parentID":"230000"},{"cityID":"654200","cityName":"塔城地区","cityDesc":"塔城地区的地市级地理要素行政编码","parentID":"650000"},{"cityID":"230500","cityName":"双鸭山市","cityDesc":"双鸭山市的地市级地理要素行政编码","parentID":"230000"},{"cityID":"230100","cityName":"哈尔滨市","cityDesc":"哈尔滨市的地市级地理要素行政编码","parentID":"230000"},{"cityID":"220800","cityName":"白城市","cityDesc":"白城市的地市级地理要素行政编码","parentID":"220000"},{"cityID":"230900","cityName":"七台河市","cityDesc":"七台河市的地市级地理要素行政编码","parentID":"230000"},{"cityID":"230300","cityName":"鸡西市","cityDesc":"鸡西市的地市级地理要素行政编码","parentID":"230000"},{"cityID":"652300","cityName":"昌吉回族自治州","cityDesc":"昌吉回族自治州的地市级地理要素行政编码","parentID":"650000"},{"cityID":"220700","cityName":"松原市","cityDesc":"松原市的地市级地理要素行政编码","parentID":"220000"},{"cityID":"652700","cityName":"博尔塔拉蒙古自治州","cityDesc":"博尔塔拉蒙古自治州的地市级地理要素行政编码","parentID":"650000"},{"cityID":"231000","cityName":"牡丹江市","cityDesc":"牡丹江市的地市级地理要素行政编码","parentID":"230000"},{"cityID":"220100","cityName":"长春市","cityDesc":"长春市的地市级地理要素行政编码","parentID":"220000"},{"cityID":"654100","cityName":"伊犁地区","cityDesc":"伊犁地区的地市级地理要素行政编码","parentID":"650000"},{"cityID":"650200","cityName":"克拉玛依市","cityDesc":"克拉玛依市的地市级地理要素行政编码","parentID":"650000"},{"cityID":"220200","cityName":"吉林市","cityDesc":"吉林市的地市级地理要素行政编码","parentID":"220000"},{"cityID":"650100","cityName":"乌鲁木齐市","cityDesc":"乌鲁木齐市的地市级地理要素行政编码","parentID":"650000"},{"cityID":"220300","cityName":"四平市","cityDesc":"四平市的地市级地理要素行政编码","parentID":"220000"},{"cityID":"150500","cityName":"通辽市","cityDesc":"通辽市的地市级地理要素行政编码","parentID":"150000"},{"cityID":"652200","cityName":"哈密地区","cityDesc":"哈密地区的地市级地理要素行政编码","parentID":"650000"},{"cityID":"150300","cityName":"乌海市","cityDesc":"乌海市的地市级地理要素行政编码","parentID":"150000"},{"cityID":"210600","cityName":"丹东市","cityDesc":"丹东市的地市级地理要素行政编码","parentID":"210000"},{"cityID":"140600","cityName":"朔州市","cityDesc":"朔州市的地市级地理要素行政编码","parentID":"140000"},{"cityID":"210200","cityName":"大连市","cityDesc":"大连市的地市级地理要素行政编码","parentID":"210000"},{"cityID":"610800","cityName":"榆林市","cityDesc":"榆林市的地市级地理要素行政编码","parentID":"610000"},{"cityID":"640200","cityName":"石嘴山市","cityDesc":"石嘴山市的地市级地理要素行政编码","parentID":"640000"},{"cityID":"632800","cityName":"海西蒙古族藏族自治州","cityDesc":"海西蒙古族藏族自治州的地市级地理要素行政编码","parentID":"630000"},{"cityID":"130600","cityName":"保定市","cityDesc":"保定市的地市级地理要素行政编码","parentID":"130000"},{"cityID":"654000","cityName":"伊犁哈萨克自治州","cityDesc":"伊犁哈萨克自治州的地市级地理要素行政编码","parentID":"650000"},{"cityID":"220400","cityName":"辽源市","cityDesc":"辽源市的地市级地理要素行政编码","parentID":"220000"},{"cityID":"542400","cityName":"那曲地区","cityDesc":"那曲地区的地市级地理要素行政编码","parentID":"540000"},{"cityID":"659000","cityName":"新疆维吾尔自治区直辖行政单位","cityDesc":"新疆维吾尔自治区直辖行政单位的地市级地理要素行政编码","parentID":"650000"},{"cityID":"652100","cityName":"吐鲁番地区","cityDesc":"吐鲁番地区的地市级地理要素行政编码","parentID":"650000"},{"cityID":"222400","cityName":"延边朝鲜族自治州","cityDesc":"延边朝鲜族自治州的地市级地理要素行政编码","parentID":"220000"},{"cityID":"220600","cityName":"白山市","cityDesc":"白山市的地市级地理要素行政编码","parentID":"220000"},{"cityID":"152900","cityName":"阿拉善盟","cityDesc":"阿拉善盟的地市级地理要素行政编码","parentID":"150000"},{"cityID":"211200","cityName":"铁岭市","cityDesc":"铁岭市的地市级地理要素行政编码","parentID":"210000"},{"cityID":"652800","cityName":"巴音郭楞蒙古自治州","cityDesc":"巴音郭楞蒙古自治州的地市级地理要素行政编码","parentID":"650000"},{"cityID":"652900","cityName":"阿克苏地区","cityDesc":"阿克苏地区的地市级地理要素行政编码","parentID":"650000"},{"cityID":"211300","cityName":"朝阳市","cityDesc":"朝阳市的地市级地理要素行政编码","parentID":"210000"},{"cityID":"152500","cityName":"锡林郭勒盟","cityDesc":"锡林郭勒盟的地市级地理要素行政编码","parentID":"150000"},{"cityID":"210900","cityName":"阜新市","cityDesc":"阜新市的地市级地理要素行政编码","parentID":"210000"},{"cityID":"220500","cityName":"通化市","cityDesc":"通化市的地市级地理要素行政编码","parentID":"220000"},{"cityID":"210400","cityName":"抚顺市","cityDesc":"抚顺市的地市级地理要素行政编码","parentID":"210000"},{"cityID":"150400","cityName":"赤峰市","cityDesc":"赤峰市的地市级地理要素行政编码","parentID":"150000"},{"cityID":"210100","cityName":"沈阳市","cityDesc":"沈阳市的地市级地理要素行政编码","parentID":"210000"},{"cityID":"210300","cityName":"鞍山市","cityDesc":"鞍山市的地市级地理要素行政编码","parentID":"210000"},{"cityID":"210500","cityName":"本溪市","cityDesc":"本溪市的地市级地理要素行政编码","parentID":"210000"},{"cityID":"211100","cityName":"盘锦市","cityDesc":"盘锦市的地市级地理要素行政编码","parentID":"210000"},{"cityID":"152600","cityName":"乌兰察布盟","cityDesc":"乌兰察布盟的地市级地理要素行政编码","parentID":"150000"}]}