[
	{
		"bm":"zjsj",
		"name":"质检时间"
	},{
		"bm":"zblc",
		"name":"主比例尺"
	},{
		"bm":"sjdx",
		"name":"数据大小"
	},{
		"bm":"dksl",
		"name":"地块数量"
	},{
		"bm":"mujwjgf",
		"name":"目录及文件规范"
	},{
		"bm":"wjyxx",
		"name":"文件有效性"
	},{
		"bm":"smtjfbl",
		"name":"扫描图件分辨率"
	},{
		"bm":"slsjwzx",
		"name":"矢量数据完整性"
	},{
		"bm":"sjkbwzx",
		"name":"数据库表完整性"
	},{
		"bm":"slsjsxjc",
		"name":"矢量数据数学基础"
	},{
		"bm":"slsxzdjg",
		"name":"矢量属性字段结构"
	},{
		"bm":"slsxzdzy",
		"name":"矢量属性字段值域"
	},{
		"bm":"slbsmfhx",
		"name":"矢量标识码符合性"
	},{
		"bm":"slbtzdkz",
		"name":"矢量必填字段空值"
	},{
		"bm":"slysdmfh",
		"name":"矢量要素代码符合"
	},{
		"bm":"slysbmfh",
		"name":"矢量要素编码符合"
	},{
		"bm":"slqydm",
		"name":"矢量区域代码"
	},{
		"bm":"dcd",
		"name":"点重叠"
	},{
		"bm":"xzcd",
		"name":"线自重叠"
	},{
		"bm":"xzxj",
		"name":"线自相交"
	},{
		"bm":"xxg",
		"name":"线悬挂"
	},{
		"bm":"xxj",
		"name":"线相交"
	},{
		"bm":"suix",
		"name":"碎线"
	},{
		"bm":"mjdcf",
		"name":"面节点重复"
	},{
		"bm":"mxljd",
		"name":"面相邻节点"
	},{
		"bm":"mcd",
		"name":"面重叠"
	},{
		"bm":"msxtb",
		"name":"面碎小图斑"
	},{
		"bm":"mxcj",
		"name":"面狭长角"
	},{
		"bm":"dbf",
		"name":"多部分"
	},{
		"bm":"qssxzdjg",
		"name":"权属属性字段结构"
	},{
		"bm":"qssxzdzy",
		"name":"权属属性字段值域"
	},{
		"bm":"qsbtzd",
		"name":"权属必填字段"
	},{
		"bm":"qsysbmfhx",
		"name":"权属要素编码复合性"
	},{
		"bm":"qsysbmwyx",
		"name":"权属要素编码唯一性"
	},{
		"bm":"qssfzhyxx",
		"name":"权属身份证号有效性"
	},{
		"bm":"qsybyxx",
		"name":"权属邮编有效性"
	},{
		"bm":"sgsxjc",
		"name":"栅格数学基础"
	},{
		"bm":"ysjjj",
		"name":"元数据结构"
	},{
		"bm":"ysjxzqhdmfh",
		"name":"元数据行政区划代码符合"
	},{
		"bm":"ysjkjckfh",
		"name":"元数据空间参考符合"
	},{
		"bm":"ysjmszq",
		"name":"元数据描述正确"
	},{
		"bm":"dkbjyjzxch",
		"name":"地块边界与界址线重合"
	},	
	{
		"bm":"jzdyjzxddch",
		"name":"界址点与界址线端点重合"
	},{
		"bm":"jjqyfwyz",
		"name":"境界区域范围一致"
	},{
		"bm":"kjtxysxyz",
		"name":"空间图形与属性一致"
	},{
		"bm":"cbdktsyz",
		"name":"承包地块图属一致"
	},{
		"bm":"fbfbmljyz",
		"name":"发包方编码逻辑一致"
	},{
		"bm":"cbfbmljyz",
		"name":"承包方编码逻辑一致"
	},{
		"bm":"cbhtbmljyz",
		"name":"承包合同编码逻辑一致"
	},{
		"bm":"cbhtxxyqzxxyz",
		"name":"承包合同信息与权证信息一致"
	},{
		"bm":"cbqzdjbbmljyz",
		"name":"承包权证登记簿编码逻辑一致"
	},{
		"bm":"cbdkhtmjljyz",
		"name":"承包地块合同面积逻辑一致"
	},{
		"bm":"cbdslyz",
		"name":"承包地数量一致"
	},{
		"bm":"ysbmyz",
		"name":"要素编码一致"
	},{
		"bm":"cbhtqzrqhl",
		"name":"承包合同起止日期合理性"
	},{
		"bm":"xxczjqydmyz",
		"name":"县乡村组级区域代码一致"
	},{
		"bm":"cbfsyz",
		"name":"承包方式一致"
	},{
		"bm":"cbflxyz",
		"name":"承包方类型一致"
	},{
		"bm":"tysxbnglbmyz",
		"name":"同一属性表内各类编码一致性"
	},{
		"bm":"qsdwdmljyz",
		"name":"权属单位代表逻辑一致性"
	},{
		"bm":"fbmbmyqsdwdmbyz",
		"name":"发包方编码与权属单位代码表一致性"
	},{
		"bm":"hzbgysjkyz",
		"name":"汇总表格与数据库一致性"
	},{
		"bm":"hjbgnsjyz",
		"name":"汇交表格内数据一致性"
	},{
		"bm":"hjbgjsjyz",
		"name":"汇交表格间数据一致性"
	},{
		"bm":"zjbz",
		"name":"质检意见"
	}
]